{
  "name": "jquery-mask-plugin",
  "version": "1.14.15",
  "main": "dist/jquery.mask.js",
  "ignore": [
    "deploy.rb",
    "jquery.mask.json",
    "Gruntfile.js",
    "test/*",
    ".*"
  ],
  "homepage": "https://github.com/igorescobar/jQuery-Mask-Plugin",
  "_release": "1.14.15",
  "_resolution": {
    "type": "version",
    "tag": "v1.14.15",
    "commit": "a6a4053e2ad8697249f91a5116090b3807f21be1"
  },
  "_source": "https://github.com/igorescobar/jQuery-Mask-Plugin.git",
  "_target": "^1.14.15",
  "_originalSource": "jquery-mask-plugin",
  "_direct": true
}